-- phpMyAdmin SQL Dump
-- version 5.2.0
-- https://www.phpmyadmin.net/
--
-- Host: 127.0.0.1
-- Waktu pembuatan: 15 Mar 2023 pada 05.04
-- Versi server: 10.4.24-MariaDB
-- Versi PHP: 7.4.29

SET SQL_MODE = "NO_AUTO_VALUE_ON_ZERO";
START TRANSACTION;
SET time_zone = "+00:00";


/*!40101 SET @OLD_CHARACTER_SET_CLIENT=@@CHARACTER_SET_CLIENT */;
/*!40101 SET @OLD_CHARACTER_SET_RESULTS=@@CHARACTER_SET_RESULTS */;
/*!40101 SET @OLD_COLLATION_CONNECTION=@@COLLATION_CONNECTION */;
/*!40101 SET NAMES utf8mb4 */;

--
-- Database: `db_pdm1`
--

-- --------------------------------------------------------

--
-- Struktur dari tabel `masyarakat`
--

CREATE TABLE `masyarakat` (
  `nik` varchar(16) NOT NULL,
  `nama` varchar(35) NOT NULL,
  `username` varchar(25) NOT NULL,
  `password` varchar(255) NOT NULL,
  `telp` varchar(13) NOT NULL
) ENGINE=InnoDB DEFAULT CHARSET=latin1;

--
-- Dumping data untuk tabel `masyarakat`
--

INSERT INTO `masyarakat` (`nik`, `nama`, `username`, `password`, `telp`) VALUES
('3312984392', 'andy', 'aji', '8b1e671d70e05e93df1b28d2388707fe', '0896745667'),
('332183209', 'Jefry', 'jefrey', '934b535800b1cba8f96a5d72f72f1611', '08932064824'),
('3329102740', 'iksan', 'ikhsan', 'b59c67bf196a4758191e42f76670ceba', '089879642767');

-- --------------------------------------------------------

--
-- Struktur dari tabel `pengaduan`
--

CREATE TABLE `pengaduan` (
  `id_pengaduan` int(5) NOT NULL,
  `tgl_pengaduan` varchar(20) NOT NULL,
  `nik` varchar(16) NOT NULL,
  `isi_laporan` text NOT NULL,
  `foto` varchar(255) NOT NULL,
  `status` enum('proses','selesai') NOT NULL
) ENGINE=InnoDB DEFAULT CHARSET=latin1;

--
-- Dumping data untuk tabel `pengaduan`
--

INSERT INTO `pengaduan` (`id_pengaduan`, `tgl_pengaduan`, `nik`, `isi_laporan`, `foto`, `status`) VALUES
(1, '2023-03-02', '3312984392', 'y', '020320235358130220204341itiak.png', 'selesai'),
(2, '2023-03-03', '3312984392', 'dfffffdc', '030320232131090220231233ujianpboaldi.jpg.jpg', 'selesai'),
(4, '2023-03-13', '3312984392', 'hai', '130320234110download (1).jpg', 'selesai'),
(5, '2023-03-13', '332183209', 'mam', '130320234321download.jpg', 'selesai'),
(6, '2023-03-13', '3329102740', 'sampah kotor', '130320233510download (1).jpg', 'selesai');

-- --------------------------------------------------------

--
-- Struktur dari tabel `petugas`
--

CREATE TABLE `petugas` (
  `id_petugas` int(5) NOT NULL,
  `nama_petugas` varchar(30) NOT NULL,
  `username` varchar(30) NOT NULL,
  `password` varchar(255) NOT NULL,
  `telp_petugas` varchar(13) NOT NULL,
  `level` enum('admin','petugas') NOT NULL
) ENGINE=InnoDB DEFAULT CHARSET=latin1;

--
-- Dumping data untuk tabel `petugas`
--

INSERT INTO `petugas` (`id_petugas`, `nama_petugas`, `username`, `password`, `telp_petugas`, `level`) VALUES
(12, 'Aldi', 'aldi', '38f629170ac3ab74b9d6d2cc411c2f3c', '08967281762', 'admin'),
(13, 'aldo', 'aldo', 'dfc7defac6624a80f02b02e22b14e8fd', '08975632112', 'petugas');

-- --------------------------------------------------------

--
-- Struktur dari tabel `tanggapan`
--

CREATE TABLE `tanggapan` (
  `id_tanggapan` int(5) NOT NULL,
  `id_pengaduan` int(5) NOT NULL,
  `tgl_tanggapan` varchar(20) NOT NULL,
  `tanggapan` text NOT NULL,
  `id_petugas` int(5) NOT NULL
) ENGINE=InnoDB DEFAULT CHARSET=latin1;

--
-- Dumping data untuk tabel `tanggapan`
--

INSERT INTO `tanggapan` (`id_tanggapan`, `id_pengaduan`, `tgl_tanggapan`, `tanggapan`, `id_petugas`) VALUES
(1, 1, '2023-03-02', 'ya', 3),
(2, 2, '2023-03-03', 'ya\r\n', 4),
(3, 4, '2023-03-13', 'hin jg\r\n', 12),
(4, 5, '2023-03-13', 'sok\r\n', 13),
(5, 6, '2023-03-13', 'iya', 12);

--
-- Indexes for dumped tables
--

--
-- Indeks untuk tabel `masyarakat`
--
ALTER TABLE `masyarakat`
  ADD PRIMARY KEY (`nik`);

--
-- Indeks untuk tabel `pengaduan`
--
ALTER TABLE `pengaduan`
  ADD PRIMARY KEY (`id_pengaduan`);

--
-- Indeks untuk tabel `petugas`
--
ALTER TABLE `petugas`
  ADD PRIMARY KEY (`id_petugas`);

--
-- Indeks untuk tabel `tanggapan`
--
ALTER TABLE `tanggapan`
  ADD PRIMARY KEY (`id_tanggapan`);

--
-- AUTO_INCREMENT untuk tabel yang dibuang
--

--
-- AUTO_INCREMENT untuk tabel `pengaduan`
--
ALTER TABLE `pengaduan`
  MODIFY `id_pengaduan` int(5) NOT NULL AUTO_INCREMENT, AUTO_INCREMENT=7;

--
-- AUTO_INCREMENT untuk tabel `petugas`
--
ALTER TABLE `petugas`
  MODIFY `id_petugas` int(5) NOT NULL AUTO_INCREMENT, AUTO_INCREMENT=14;

--
-- AUTO_INCREMENT untuk tabel `tanggapan`
--
ALTER TABLE `tanggapan`
  MODIFY `id_tanggapan` int(5) NOT NULL AUTO_INCREMENT, AUTO_INCREMENT=6;
COMMIT;

/*!40101 SET CHARACTER_SET_CLIENT=@OLD_CHARACTER_SET_CLIENT */;
/*!40101 SET CHARACTER_SET_RESULTS=@OLD_CHARACTER_SET_RESULTS */;
/*!40101 SET COLLATION_CONNECTION=@OLD_COLLATION_CONNECTION */;
